[
    {
        "model": "contenttypes.contenttype",
        "pk": 1,
        "fields": {
            "app_label": "admin",
            "model": "logentry"
        }
    },
    {
        "model": "contenttypes.contenttype",
        "pk": 2,
        "fields": {
            "app_label": "auth",
            "model": "permission"
        }
    },
    {
        "model": "contenttypes.contenttype",
        "pk": 3,
        "fields": {
            "app_label": "auth",
            "model": "group"
        }
    },
    {
        "model": "contenttypes.contenttype",
        "pk": 4,
        "fields": {
            "app_label": "auth",
            "model": "user"
        }
    },
    {
        "model": "contenttypes.contenttype",
        "pk": 5,
        "fields": {
            "app_label": "contenttypes",
            "model": "contenttype"
        }
    },
    {
        "model": "contenttypes.contenttype",
        "pk": 6,
        "fields": {
            "app_label": "sessions",
            "model": "session"
        }
    },
    {
        "model": "contenttypes.contenttype",
        "pk": 7,
        "fields": {
            "app_label": "exchange",
            "model": "exchangebackend"
        }
    },
    {
        "model": "contenttypes.contenttype",
        "pk": 8,
        "fields": {
            "app_label": "exchange",
            "model": "rate"
        }
    },
    {
        "model": "contenttypes.contenttype",
        "pk": 9,
        "fields": {
            "app_label": "wallets",
            "model": "fillupbroker"
        }
    },
    {
        "model": "contenttypes.contenttype",
        "pk": 10,
        "fields": {
            "app_label": "wallets",
            "model": "userprofile"
        }
    },
    {
        "model": "contenttypes.contenttype",
        "pk": 11,
        "fields": {
            "app_label": "wallets",
            "model": "wallet"
        }
    },
    {
        "model": "contenttypes.contenttype",
        "pk": 12,
        "fields": {
            "app_label": "wallets",
            "model": "transfertransaction"
        }
    },
    {
        "model": "contenttypes.contenttype",
        "pk": 13,
        "fields": {
            "app_label": "wallets",
            "model": "filluptransaction"
        }
    },
    {
        "model": "sessions.session",
        "pk": "6wymmikhxod25y6rlk0ut5w4rrdvw6j1",
        "fields": {
            "session_data": "ZTJiY2I4MmQ4NDk3ZDZjZDk2N2Y0MTZkNjRmMmI1MDg5NGNmOTE0NDp7Il9hdXRoX3VzZXJfaWQiOiIxIiwiX2F1dGhfdXNlcl9iYWNrZW5kIjoiZGphbmdvLmNvbnRyaWIuYXV0aC5iYWNrZW5kcy5Nb2RlbEJhY2tlbmQiLCJfYXV0aF91c2VyX2hhc2giOiI5NjQyMjgwNGJjZWIxMDI2MTRmN2U5NzI0ZWYzZjEzYWQ5ZGQ3NzUyIn0=",
            "expire_date": "2019-06-19T19:21:59.021Z"
        }
    },
    {
        "model": "exchange.exchangebackend",
        "pk": "FixedRates",
        "fields": {
            "last_update": "2019-06-01T17:11:29.458Z",
            "base_currency": "USD"
        }
    },
    {
        "model": "exchange.rate",
        "pk": 1,
        "fields": {
            "currency": "CAD",
            "value": "1.460000",
            "backend": "FixedRates"
        }
    },
    {
        "model": "exchange.rate",
        "pk": 2,
        "fields": {
            "currency": "CNY",
            "value": "6.900000",
            "backend": "FixedRates"
        }
    },
    {
        "model": "exchange.rate",
        "pk": 3,
        "fields": {
            "currency": "EUR",
            "value": "0.890000",
            "backend": "FixedRates"
        }
    },
    {
        "model": "wallets.userprofile",
        "pk": 4,
        "fields": {
            "name": "Albert",
            "city": "Moscow",
            "country": "RU"
        }
    },
    {
        "model": "wallets.userprofile",
        "pk": 5,
        "fields": {
            "name": "Albert",
            "city": "Moscow",
            "country": "Russia"
        }
    },
    {
        "model": "wallets.userprofile",
        "pk": 6,
        "fields": {
            "name": "Chen Hui",
            "city": "Hong Kong",
            "country": "CN"
        }
    },
    {
        "model": "wallets.userprofile",
        "pk": 7,
        "fields": {
            "name": "Penelopa",
            "city": "Tokyo",
            "country": "AI"
        }
    },
    {
        "model": "wallets.userprofile",
        "pk": 8,
        "fields": {
            "name": "Kim",
            "city": "Moscow",
            "country": "RU"
        }
    },
    {
        "model": "wallets.userprofile",
        "pk": 9,
        "fields": {
            "name": "Benua",
            "city": "Mandelbrot",
            "country": "AF"
        }
    },
    {
        "model": "wallets.wallet",
        "pk": 7,
        "fields": {
            "owner": 4,
            "balance_currency": "CAD",
            "balance": "981.36",
            "slug": "cadf12b4e09e431c8e657bccbe99d91da5c5388c32a4cfa39dc5bcfc86c"
        }
    },
    {
        "model": "wallets.wallet",
        "pk": 8,
        "fields": {
            "owner": 5,
            "balance_currency": "CAD",
            "balance": "566.28",
            "slug": "cad3ea1a0c36b2239d7cefac4aaff876415bd182b1cd5035ba01fdb5112"
        }
    },
    {
        "model": "wallets.wallet",
        "pk": 9,
        "fields": {
            "owner": 6,
            "balance_currency": "CNY",
            "balance": "400.00",
            "slug": "cnyd5fc04f2b3ade592ef40f68fb4a2876ddfacee592ecc453bc8435f4d"
        }
    },
    {
        "model": "wallets.wallet",
        "pk": 10,
        "fields": {
            "owner": 7,
            "balance_currency": "EUR",
            "balance": "9.00",
            "slug": "euraefa6cd2c12cc09c1f22a60a4d4b1f1769a544725324be818a89f3c6"
        }
    },
    {
        "model": "wallets.wallet",
        "pk": 11,
        "fields": {
            "owner": 8,
            "balance_currency": "USD",
            "balance": "62.03",
            "slug": "usd4aa9be8f49ec5568ecaf8ab7b376c675f421448eb7fc97cd2a0001e2"
        }
    },
    {
        "model": "wallets.wallet",
        "pk": 12,
        "fields": {
            "owner": 9,
            "balance_currency": "CAD",
            "balance": "0.00",
            "slug": "cadc035f62046b5b615ed1e0b39972eb2083c073b559074b81d9851e8ec"
        }
    },
    {
        "model": "wallets.fillupbroker",
        "pk": 1,
        "fields": {
            "name": "Default Fill Up Broker"
        }
    },
    {
        "model": "wallets.filluptransaction",
        "pk": 42,
        "fields": {
            "timestamp": "2019-06-01T21:34:03.490Z",
            "target_wallet": 7,
            "transfer_value_currency": "EUR",
            "transfer_value": "100.00",
            "transaction_type": "FillUp",
            "source_broker": 1
        }
    },
    {
        "model": "wallets.filluptransaction",
        "pk": 43,
        "fields": {
            "timestamp": "2019-06-01T21:35:08.413Z",
            "target_wallet": 7,
            "transfer_value_currency": "EUR",
            "transfer_value": "100.00",
            "transaction_type": "FillUp",
            "source_broker": 1
        }
    },
    {
        "model": "wallets.filluptransaction",
        "pk": 44,
        "fields": {
            "timestamp": "2019-06-01T21:35:37.198Z",
            "target_wallet": 7,
            "transfer_value_currency": "EUR",
            "transfer_value": "100.00",
            "transaction_type": "FillUp",
            "source_broker": 1
        }
    },
    {
        "model": "wallets.filluptransaction",
        "pk": 45,
        "fields": {
            "timestamp": "2019-06-01T21:35:56.302Z",
            "target_wallet": 7,
            "transfer_value_currency": "EUR",
            "transfer_value": "100.00",
            "transaction_type": "FillUp",
            "source_broker": 1
        }
    },
    {
        "model": "wallets.filluptransaction",
        "pk": 46,
        "fields": {
            "timestamp": "2019-06-02T07:02:18.476Z",
            "target_wallet": 7,
            "transfer_value_currency": "EUR",
            "transfer_value": "100.00",
            "transaction_type": "FillUp",
            "source_broker": 1
        }
    },
    {
        "model": "wallets.filluptransaction",
        "pk": 47,
        "fields": {
            "timestamp": "2019-06-02T07:02:18.639Z",
            "target_wallet": 8,
            "transfer_value_currency": "EUR",
            "transfer_value": "100.00",
            "transaction_type": "FillUp",
            "source_broker": 1
        }
    },
    {
        "model": "wallets.filluptransaction",
        "pk": 48,
        "fields": {
            "timestamp": "2019-06-02T07:03:57.598Z",
            "target_wallet": 7,
            "transfer_value_currency": "EUR",
            "transfer_value": "100.00",
            "transaction_type": "FillUp",
            "source_broker": 1
        }
    },
    {
        "model": "wallets.filluptransaction",
        "pk": 49,
        "fields": {
            "timestamp": "2019-06-02T07:03:57.819Z",
            "target_wallet": 8,
            "transfer_value_currency": "EUR",
            "transfer_value": "100.00",
            "transaction_type": "FillUp",
            "source_broker": 1
        }
    },
    {
        "model": "wallets.filluptransaction",
        "pk": 50,
        "fields": {
            "timestamp": "2019-06-02T07:11:10.236Z",
            "target_wallet": 7,
            "transfer_value_currency": "EUR",
            "transfer_value": "100.00",
            "transaction_type": "FillUp",
            "source_broker": 1
        }
    },
    {
        "model": "wallets.filluptransaction",
        "pk": 51,
        "fields": {
            "timestamp": "2019-06-02T07:11:10.442Z",
            "target_wallet": 8,
            "transfer_value_currency": "EUR",
            "transfer_value": "100.00",
            "transaction_type": "FillUp",
            "source_broker": 1
        }
    },
    {
        "model": "wallets.filluptransaction",
        "pk": 52,
        "fields": {
            "timestamp": "2019-06-02T07:16:15.848Z",
            "target_wallet": 7,
            "transfer_value_currency": "EUR",
            "transfer_value": "100.00",
            "transaction_type": "FillUp",
            "source_broker": 1
        }
    },
    {
        "model": "wallets.filluptransaction",
        "pk": 53,
        "fields": {
            "timestamp": "2019-06-02T07:16:17.991Z",
            "target_wallet": 8,
            "transfer_value_currency": "EUR",
            "transfer_value": "100.00",
            "transaction_type": "FillUp",
            "source_broker": 1
        }
    },
    {
        "model": "wallets.filluptransaction",
        "pk": 54,
        "fields": {
            "timestamp": "2019-06-02T15:04:33.213Z",
            "target_wallet": 10,
            "transfer_value_currency": "CAD",
            "transfer_value": "11.00",
            "transaction_type": "FillUp",
            "source_broker": 1
        }
    },
    {
        "model": "wallets.filluptransaction",
        "pk": 55,
        "fields": {
            "timestamp": "2019-06-02T15:05:02.257Z",
            "target_wallet": 10,
            "transfer_value_currency": "EUR",
            "transfer_value": "2.29",
            "transaction_type": "FillUp",
            "source_broker": 1
        }
    },
    {
        "model": "wallets.transfertransaction",
        "pk": 23,
        "fields": {
            "timestamp": "2019-06-01T21:34:04.013Z",
            "target_wallet": 9,
            "transfer_value_currency": "USD",
            "transfer_value": "15.00",
            "transaction_type": "Transfer",
            "source_wallet": 7
        }
    },
    {
        "model": "wallets.transfertransaction",
        "pk": 24,
        "fields": {
            "timestamp": "2019-06-01T21:35:08.625Z",
            "target_wallet": 9,
            "transfer_value_currency": "USD",
            "transfer_value": "15.00",
            "transaction_type": "Transfer",
            "source_wallet": 7
        }
    },
    {
        "model": "wallets.transfertransaction",
        "pk": 25,
        "fields": {
            "timestamp": "2019-06-01T21:35:37.431Z",
            "target_wallet": 9,
            "transfer_value_currency": "USD",
            "transfer_value": "15.00",
            "transaction_type": "Transfer",
            "source_wallet": 7
        }
    },
    {
        "model": "wallets.transfertransaction",
        "pk": 26,
        "fields": {
            "timestamp": "2019-06-02T07:02:14.567Z",
            "target_wallet": 9,
            "transfer_value_currency": "USD",
            "transfer_value": "15.00",
            "transaction_type": "Transfer",
            "source_wallet": 7
        }
    },
    {
        "model": "wallets.transfertransaction",
        "pk": 27,
        "fields": {
            "timestamp": "2019-06-02T07:02:30.645Z",
            "target_wallet": 9,
            "transfer_value_currency": "USD",
            "transfer_value": "15.00",
            "transaction_type": "Transfer",
            "source_wallet": 7
        }
    },
    {
        "model": "wallets.transfertransaction",
        "pk": 28,
        "fields": {
            "timestamp": "2019-06-02T07:04:02.005Z",
            "target_wallet": 9,
            "transfer_value_currency": "USD",
            "transfer_value": "15.00",
            "transaction_type": "Transfer",
            "source_wallet": 7
        }
    },
    {
        "model": "wallets.transfertransaction",
        "pk": 29,
        "fields": {
            "timestamp": "2019-06-02T07:11:22.285Z",
            "target_wallet": 9,
            "transfer_value_currency": "USD",
            "transfer_value": "15.00",
            "transaction_type": "Transfer",
            "source_wallet": 7
        }
    },
    {
        "model": "wallets.transfertransaction",
        "pk": 30,
        "fields": {
            "timestamp": "2019-06-02T07:16:21.063Z",
            "target_wallet": 9,
            "transfer_value_currency": "USD",
            "transfer_value": "15.00",
            "transaction_type": "Transfer",
            "source_wallet": 7
        }
    },
    {
        "model": "wallets.transfertransaction",
        "pk": 31,
        "fields": {
            "timestamp": "2019-06-02T15:41:53.551Z",
            "target_wallet": 9,
            "transfer_value_currency": "CAD",
            "transfer_value": "1.00",
            "transaction_type": "Transfer",
            "source_wallet": 11
        }
    },
    {
        "model": "wallets.transfertransaction",
        "pk": 32,
        "fields": {
            "timestamp": "2019-06-02T15:43:02.597Z",
            "target_wallet": 11,
            "transfer_value_currency": "CNY",
            "transfer_value": "432.73",
            "transaction_type": "Transfer",
            "source_wallet": 9
        }
    },
    {
        "model": "auth.permission",
        "pk": 1,
        "fields": {
            "name": "Can add log entry",
            "content_type": 1,
            "codename": "add_logentry"
        }
    },
    {
        "model": "auth.permission",
        "pk": 2,
        "fields": {
            "name": "Can change log entry",
            "content_type": 1,
            "codename": "change_logentry"
        }
    },
    {
        "model": "auth.permission",
        "pk": 3,
        "fields": {
            "name": "Can delete log entry",
            "content_type": 1,
            "codename": "delete_logentry"
        }
    },
    {
        "model": "auth.permission",
        "pk": 4,
        "fields": {
            "name": "Can view log entry",
            "content_type": 1,
            "codename": "view_logentry"
        }
    },
    {
        "model": "auth.permission",
        "pk": 5,
        "fields": {
            "name": "Can add permission",
            "content_type": 2,
            "codename": "add_permission"
        }
    },
    {
        "model": "auth.permission",
        "pk": 6,
        "fields": {
            "name": "Can change permission",
            "content_type": 2,
            "codename": "change_permission"
        }
    },
    {
        "model": "auth.permission",
        "pk": 7,
        "fields": {
            "name": "Can delete permission",
            "content_type": 2,
            "codename": "delete_permission"
        }
    },
    {
        "model": "auth.permission",
        "pk": 8,
        "fields": {
            "name": "Can view permission",
            "content_type": 2,
            "codename": "view_permission"
        }
    },
    {
        "model": "auth.permission",
        "pk": 9,
        "fields": {
            "name": "Can add group",
            "content_type": 3,
            "codename": "add_group"
        }
    },
    {
        "model": "auth.permission",
        "pk": 10,
        "fields": {
            "name": "Can change group",
            "content_type": 3,
            "codename": "change_group"
        }
    },
    {
        "model": "auth.permission",
        "pk": 11,
        "fields": {
            "name": "Can delete group",
            "content_type": 3,
            "codename": "delete_group"
        }
    },
    {
        "model": "auth.permission",
        "pk": 12,
        "fields": {
            "name": "Can view group",
            "content_type": 3,
            "codename": "view_group"
        }
    },
    {
        "model": "auth.permission",
        "pk": 13,
        "fields": {
            "name": "Can add user",
            "content_type": 4,
            "codename": "add_user"
        }
    },
    {
        "model": "auth.permission",
        "pk": 14,
        "fields": {
            "name": "Can change user",
            "content_type": 4,
            "codename": "change_user"
        }
    },
    {
        "model": "auth.permission",
        "pk": 15,
        "fields": {
            "name": "Can delete user",
            "content_type": 4,
            "codename": "delete_user"
        }
    },
    {
        "model": "auth.permission",
        "pk": 16,
        "fields": {
            "name": "Can view user",
            "content_type": 4,
            "codename": "view_user"
        }
    },
    {
        "model": "auth.permission",
        "pk": 17,
        "fields": {
            "name": "Can add content type",
            "content_type": 5,
            "codename": "add_contenttype"
        }
    },
    {
        "model": "auth.permission",
        "pk": 18,
        "fields": {
            "name": "Can change content type",
            "content_type": 5,
            "codename": "change_contenttype"
        }
    },
    {
        "model": "auth.permission",
        "pk": 19,
        "fields": {
            "name": "Can delete content type",
            "content_type": 5,
            "codename": "delete_contenttype"
        }
    },
    {
        "model": "auth.permission",
        "pk": 20,
        "fields": {
            "name": "Can view content type",
            "content_type": 5,
            "codename": "view_contenttype"
        }
    },
    {
        "model": "auth.permission",
        "pk": 21,
        "fields": {
            "name": "Can add session",
            "content_type": 6,
            "codename": "add_session"
        }
    },
    {
        "model": "auth.permission",
        "pk": 22,
        "fields": {
            "name": "Can change session",
            "content_type": 6,
            "codename": "change_session"
        }
    },
    {
        "model": "auth.permission",
        "pk": 23,
        "fields": {
            "name": "Can delete session",
            "content_type": 6,
            "codename": "delete_session"
        }
    },
    {
        "model": "auth.permission",
        "pk": 24,
        "fields": {
            "name": "Can view session",
            "content_type": 6,
            "codename": "view_session"
        }
    },
    {
        "model": "auth.permission",
        "pk": 25,
        "fields": {
            "name": "Can add exchange backend",
            "content_type": 7,
            "codename": "add_exchangebackend"
        }
    },
    {
        "model": "auth.permission",
        "pk": 26,
        "fields": {
            "name": "Can change exchange backend",
            "content_type": 7,
            "codename": "change_exchangebackend"
        }
    },
    {
        "model": "auth.permission",
        "pk": 27,
        "fields": {
            "name": "Can delete exchange backend",
            "content_type": 7,
            "codename": "delete_exchangebackend"
        }
    },
    {
        "model": "auth.permission",
        "pk": 28,
        "fields": {
            "name": "Can view exchange backend",
            "content_type": 7,
            "codename": "view_exchangebackend"
        }
    },
    {
        "model": "auth.permission",
        "pk": 29,
        "fields": {
            "name": "Can add rate",
            "content_type": 8,
            "codename": "add_rate"
        }
    },
    {
        "model": "auth.permission",
        "pk": 30,
        "fields": {
            "name": "Can change rate",
            "content_type": 8,
            "codename": "change_rate"
        }
    },
    {
        "model": "auth.permission",
        "pk": 31,
        "fields": {
            "name": "Can delete rate",
            "content_type": 8,
            "codename": "delete_rate"
        }
    },
    {
        "model": "auth.permission",
        "pk": 32,
        "fields": {
            "name": "Can view rate",
            "content_type": 8,
            "codename": "view_rate"
        }
    },
    {
        "model": "auth.permission",
        "pk": 33,
        "fields": {
            "name": "Can add fill up broker",
            "content_type": 9,
            "codename": "add_fillupbroker"
        }
    },
    {
        "model": "auth.permission",
        "pk": 34,
        "fields": {
            "name": "Can change fill up broker",
            "content_type": 9,
            "codename": "change_fillupbroker"
        }
    },
    {
        "model": "auth.permission",
        "pk": 35,
        "fields": {
            "name": "Can delete fill up broker",
            "content_type": 9,
            "codename": "delete_fillupbroker"
        }
    },
    {
        "model": "auth.permission",
        "pk": 36,
        "fields": {
            "name": "Can view fill up broker",
            "content_type": 9,
            "codename": "view_fillupbroker"
        }
    },
    {
        "model": "auth.permission",
        "pk": 37,
        "fields": {
            "name": "Can add user profile",
            "content_type": 10,
            "codename": "add_userprofile"
        }
    },
    {
        "model": "auth.permission",
        "pk": 38,
        "fields": {
            "name": "Can change user profile",
            "content_type": 10,
            "codename": "change_userprofile"
        }
    },
    {
        "model": "auth.permission",
        "pk": 39,
        "fields": {
            "name": "Can delete user profile",
            "content_type": 10,
            "codename": "delete_userprofile"
        }
    },
    {
        "model": "auth.permission",
        "pk": 40,
        "fields": {
            "name": "Can view user profile",
            "content_type": 10,
            "codename": "view_userprofile"
        }
    },
    {
        "model": "auth.permission",
        "pk": 41,
        "fields": {
            "name": "Can add wallet",
            "content_type": 11,
            "codename": "add_wallet"
        }
    },
    {
        "model": "auth.permission",
        "pk": 42,
        "fields": {
            "name": "Can change wallet",
            "content_type": 11,
            "codename": "change_wallet"
        }
    },
    {
        "model": "auth.permission",
        "pk": 43,
        "fields": {
            "name": "Can delete wallet",
            "content_type": 11,
            "codename": "delete_wallet"
        }
    },
    {
        "model": "auth.permission",
        "pk": 44,
        "fields": {
            "name": "Can view wallet",
            "content_type": 11,
            "codename": "view_wallet"
        }
    },
    {
        "model": "auth.permission",
        "pk": 45,
        "fields": {
            "name": "Can add transfer transaction",
            "content_type": 12,
            "codename": "add_transfertransaction"
        }
    },
    {
        "model": "auth.permission",
        "pk": 46,
        "fields": {
            "name": "Can change transfer transaction",
            "content_type": 12,
            "codename": "change_transfertransaction"
        }
    },
    {
        "model": "auth.permission",
        "pk": 47,
        "fields": {
            "name": "Can delete transfer transaction",
            "content_type": 12,
            "codename": "delete_transfertransaction"
        }
    },
    {
        "model": "auth.permission",
        "pk": 48,
        "fields": {
            "name": "Can view transfer transaction",
            "content_type": 12,
            "codename": "view_transfertransaction"
        }
    },
    {
        "model": "auth.permission",
        "pk": 49,
        "fields": {
            "name": "Can add fill up transaction",
            "content_type": 13,
            "codename": "add_filluptransaction"
        }
    },
    {
        "model": "auth.permission",
        "pk": 50,
        "fields": {
            "name": "Can change fill up transaction",
            "content_type": 13,
            "codename": "change_filluptransaction"
        }
    },
    {
        "model": "auth.permission",
        "pk": 51,
        "fields": {
            "name": "Can delete fill up transaction",
            "content_type": 13,
            "codename": "delete_filluptransaction"
        }
    },
    {
        "model": "auth.permission",
        "pk": 52,
        "fields": {
            "name": "Can view fill up transaction",
            "content_type": 13,
            "codename": "view_filluptransaction"
        }
    },
    {
        "model": "auth.user",
        "pk": 1,
        "fields": {
            "password": "pbkdf2_sha256$150000$RwqIMvEtFfws$jYlhWW+bFF6vq//elH2rhPPN6sXk1ew5l8y+LvAyojg=",
            "last_login": "2019-06-01T17:03:59Z",
            "is_superuser": true,
            "username": "admn",
            "first_name": "",
            "last_name": "",
            "email": "",
            "is_staff": true,
            "is_active": true,
            "date_joined": "2019-06-01T17:03:37Z",
            "groups": [],
            "user_permissions": []
        }
    },
    {
        "model": "admin.logentry",
        "pk": 1,
        "fields": {
            "action_time": "2019-06-01T17:11:29.459Z",
            "user": 1,
            "content_type": 7,
            "object_id": "FixedRates",
            "object_repr": "FixedRates",
            "action_flag": 1,
            "change_message": "[{\"added\": {}}]"
        }
    },
    {
        "model": "admin.logentry",
        "pk": 2,
        "fields": {
            "action_time": "2019-06-01T17:12:01.684Z",
            "user": 1,
            "content_type": 8,
            "object_id": "1",
            "object_repr": "Rate object (1)",
            "action_flag": 1,
            "change_message": "[{\"added\": {}}]"
        }
    },
    {
        "model": "admin.logentry",
        "pk": 3,
        "fields": {
            "action_time": "2019-06-01T17:12:17.790Z",
            "user": 1,
            "content_type": 8,
            "object_id": "2",
            "object_repr": "Rate object (2)",
            "action_flag": 1,
            "change_message": "[{\"added\": {}}]"
        }
    },
    {
        "model": "admin.logentry",
        "pk": 4,
        "fields": {
            "action_time": "2019-06-01T17:12:31.496Z",
            "user": 1,
            "content_type": 8,
            "object_id": "3",
            "object_repr": "Rate object (3)",
            "action_flag": 1,
            "change_message": "[{\"added\": {}}]"
        }
    },
    {
        "model": "admin.logentry",
        "pk": 5,
        "fields": {
            "action_time": "2019-06-01T18:37:56.929Z",
            "user": 1,
            "content_type": 11,
            "object_id": "4",
            "object_repr": "Wallet object (4)",
            "action_flag": 3,
            "change_message": ""
        }
    },
    {
        "model": "admin.logentry",
        "pk": 6,
        "fields": {
            "action_time": "2019-06-01T18:37:57.165Z",
            "user": 1,
            "content_type": 11,
            "object_id": "3",
            "object_repr": "Wallet object (3)",
            "action_flag": 3,
            "change_message": ""
        }
    },
    {
        "model": "admin.logentry",
        "pk": 7,
        "fields": {
            "action_time": "2019-06-01T18:37:57.274Z",
            "user": 1,
            "content_type": 11,
            "object_id": "2",
            "object_repr": "Wallet object (2)",
            "action_flag": 3,
            "change_message": ""
        }
    },
    {
        "model": "admin.logentry",
        "pk": 8,
        "fields": {
            "action_time": "2019-06-01T18:37:57.373Z",
            "user": 1,
            "content_type": 11,
            "object_id": "1",
            "object_repr": "Wallet object (1)",
            "action_flag": 3,
            "change_message": ""
        }
    },
    {
        "model": "admin.logentry",
        "pk": 9,
        "fields": {
            "action_time": "2019-06-01T20:06:15.222Z",
            "user": 1,
            "content_type": 11,
            "object_id": "5",
            "object_repr": "Wallet object (5)",
            "action_flag": 2,
            "change_message": "[]"
        }
    },
    {
        "model": "admin.logentry",
        "pk": 10,
        "fields": {
            "action_time": "2019-06-01T20:06:24.198Z",
            "user": 1,
            "content_type": 11,
            "object_id": "6",
            "object_repr": "Wallet object (6)",
            "action_flag": 2,
            "change_message": "[]"
        }
    },
    {
        "model": "admin.logentry",
        "pk": 11,
        "fields": {
            "action_time": "2019-06-01T21:33:57.952Z",
            "user": 1,
            "content_type": 10,
            "object_id": "3",
            "object_repr": "UserProfile object (3)",
            "action_flag": 3,
            "change_message": ""
        }
    },
    {
        "model": "admin.logentry",
        "pk": 12,
        "fields": {
            "action_time": "2019-06-01T21:33:58.109Z",
            "user": 1,
            "content_type": 10,
            "object_id": "2",
            "object_repr": "UserProfile object (2)",
            "action_flag": 3,
            "change_message": ""
        }
    },
    {
        "model": "admin.logentry",
        "pk": 13,
        "fields": {
            "action_time": "2019-06-01T21:33:58.200Z",
            "user": 1,
            "content_type": 10,
            "object_id": "1",
            "object_repr": "UserProfile object (1)",
            "action_flag": 3,
            "change_message": ""
        }
    },
    {
        "model": "admin.logentry",
        "pk": 14,
        "fields": {
            "action_time": "2019-06-05T19:21:10.987Z",
            "user": 1,
            "content_type": 4,
            "object_id": "1",
            "object_repr": "admin",
            "action_flag": 2,
            "change_message": "[{\"changed\": {\"fields\": [\"username\"]}}]"
        }
    },
    {
        "model": "admin.logentry",
        "pk": 15,
        "fields": {
            "action_time": "2019-06-05T19:21:20.977Z",
            "user": 1,
            "content_type": 4,
            "object_id": "1",
            "object_repr": "admn",
            "action_flag": 2,
            "change_message": "[{\"changed\": {\"fields\": [\"username\"]}}]"
        }
    },
    {
        "model": "admin.logentry",
        "pk": 16,
        "fields": {
            "action_time": "2019-06-05T19:21:58.676Z",
            "user": 1,
            "content_type": 4,
            "object_id": "1",
            "object_repr": "admn",
            "action_flag": 2,
            "change_message": "[{\"changed\": {\"fields\": [\"password\"]}}]"
        }
    }
]